tweetid,controversiality
553476490315431937,1.3076604860118306
552802654641225728,1.681792830507429
553164985460068352,1.4579162495762834
553587672137334785,1.313442654901697
553587303172833280,1.5788209995247275
553586860334010368,1.9458877175763887
552811386259386370,1.6654004488504004
553160652567498752,1.5130857494229015
553197863971610624,1.303219601435212
553544252563935234,1.4348687191977363
552821069036670976,1.170464573466342
552832817089236992,1.2328467394420661
553534838880608256,1.8171205928321397
552783667052167168,2.930156051583521
553588178687655936,1.5464793474773049
552814494381256704,1.5464793474773049
553470492565602305,2.930156051583521
553505242554175489,1.4348687191977363
553531413459660800,2.5413841086003703
552785375161499649,1.3195079107728942
552834961762709505,1.170464573466342
552791578893619200,1.3363667058502422
553486439129038848,1.6294982222188463
553152395371630592,1.604818007171339
553508098825261056,1.3633445996786344
552833028201144320,1.170464573466342
553506608203169792,1.5335225249941007
553489393202499584,1.2457309396155174
553549686129561600,1.143842433075643
553543369604210689,2.6207413942088964
553579224402235393,1.4953487812212205
553566026030272512,1.5130857494229015
552978184413921281,1.3160740129524924
553535829017370625,1.3076604860118306
553461741917863936,2.90484571222865
553590459688570880,1.3633445996786344
552792913910833152,1.2917083420907467
553576010898497536,1.8988289221159418
553221600955621376,1.3160740129524924
553589051044151296,1.2599210498948732
552810448324943872,1.6335243030704945
553501357156876290,1.5788209995247275
552792544132997121,1.6654004488504004
552806757672964097,5.528774813678871
552982613288157184,1.3076604860118306
553184482241814530,1.6468405621153983
553575232867672064,2.2795070569547775
553107921081749504,1.8171205928321397
553538058440941568,1.1533305853893392
553503184174710784,1.395592724222081
553467311261503488,1.3160740129524924
552805488631758849,1.8104124559474857
552984502063337472,2.080083823051904
553548567420628992,6.389304828983968
552816020403269632,1.9036539387158786
553544694765215745,1.3195079107728942
553590835850514433,2.3296095470119482
553550301886955520,2.053136413658844
553587013409325058,2.1287257439265086
553586897168392192,1.2106369975822304
553478289474740224,1.2753731068584542
553476880339599360,2.0
552996335319007233,1.4142135623730951
552848620375261184,2.300775444104867
552791196247269378,2.189938703094842
552978099357237248,1.3195079107728942
553512735192141826,2.930156051583521
552792802309181440,1.681792830507429
553212962044149761,1.681792830507429
553518472798683136,1.148420343245681
553474188259102720,1.6294982222188463
552793679082311680,1.2106369975822304
553558982476828674,2.4101422641752297
552806309540528128,1.335396899964112
521360486387175424,3.5097924382760604
521346721226711040,2.0783258451246165
500389488217309184,4.131228805234907
500332933098385408,6.240251469155713
500298752469770240,2.8609787518082506
500281094239817728,6.0
500363126294863876,2.4380273084089508
500279189405433858,1.4348687191977363
498430783699554305,1.143842433075643
500284699546517505,2.90484571222865
499530130487017472,1.293704833333986
500290456845299714,1.9280912609228744
500307001629745152,4.741252370889328
500381163866062848,2.4380273084089508
499368931367608320,1.742852492787724
500363740311982081,1.604818007171339
500280838710247424,3.2602180491907444
500258409988763649,1.681792830507429
500327106824245249,1.2599210498948732
499456140044824576,2.053136413658844
500286058664579072,3.7796513698765724
499366666300846081,2.300775444104867
500413818368184321,2.2081790273476245
500377906305327104,1.7411011265922482
500280422295937024,1.8988289221159418
500281131057811456,2.3296095470119482
500270780832174080,1.4142135623730951
498280126254428160,1.3076604860118306
500371149713178625,2.3296095470119482
499612545909415938,4.1707156809759205
500319801344929795,1.395592724222081
500378223977721856,5.221098310290024
500354773133299713,1.1317927911527867
500308076004929537,6.122450645952687
500319675797209088,2.053136413658844
500288349924782080,1.8386162118602258
500294803402137600,1.9993240962544647
500378522788315137,3.7885318391223555
500394061887709184,1.1771466939089177
500278045597368320,1.8988289221159418
500377145349521411,1.7865680190370434
500303431928922113,2.0597671439071177
500279160795721728,1.5999878123875868
500391222075076610,3.417467835968239
500295393301647360,2.6457513110645907
500327120770301952,1.6335243030704945
500341884678836224,3.1622776601683795
500347114975944705,2.91136540572863
580348081100734464,1.5551585367634633
580325090367315968,1.9994110313999802
580333763512705025,1.1317927911527867
580332109782466561,1.5848931924611136
581473088249958400,1.7436390342696233
580331561398108160,2.5413841086003703
580333909008871424,1.3195079107728942
580321156508577792,1.2599210498948732
580371845997682688,2.080083823051904
581063377226637312,2.080083823051904
581047170637381632,4.0
581293286268129280,3.0752912203613754
580319184652890113,2.154434690031884
580882341880446977,1.2917083420907467
580319078155468800,1.2360360795449206
580320684305416192,1.3195079107728942
581386094337474560,2.053136413658844
580360165540642816,2.080083823051904
580339547269144576,14.0
580340476949086208,2.5096346404867393
580326222107951104,1.5464793474773049
580324027715063808,1.3195079107728942
580323060533764097,1.2599210498948732
580322453928431617,1.3160740129524924
580339825649291264,1.2328467394420661
524942470472548352,1.3195079107728942
525060425184858112,1.7411011265922482
524931324763992064,2.930156051583521
525023025792835585,1.2211885503119937
524926235030589440,1.7436390342696233
524981436252950528,1.681792830507429
525032872647065600,4.0
525058976376193024,1.9036539387158786
525028734991343617,1.8171205928321397
524983581983375360,3.605551275463989
524941132237910016,1.3160740129524924
524949443607412737,1.9036539387158786
524923676484177920,5.179474679231212
524975705206304769,1.148420343245681
525025463648137216,1.2211885503119937
524940659778920448,1.2753731068584542
524947674164760577,16.294249181018245
524952883343925249,1.3492828476735634
524972443308683264,1.969346601914032
524929497205055488,2.5413841086003703
524944399890124801,1.3244587155363412
524925987239120897,1.3076604860118306
524947416869388288,1.3195079107728942
524936872666353664,1.313442654901697
524948866773184512,1.3195079107728942
525003468659228672,2.7507178351831296
524925730053181440,1.3633445996786344
524925050739490816,1.5130857494229015
525025279803424768,1.2457309396155174
524932935137628160,3.5960218482705533
524947867975561216,2.0597671439071177
524965775036387329,1.3076604860118306
524995771587108864,1.7436390342696233
524927281048080385,2.336879453247454
524966904885428226,1.7436390342696233
524969201102901248,1.16430556688337
524923462398513152,1.483801823119965
524932056560963584,2.080083823051904
524956129017995264,2.024397458499885
524943490887991296,1.8171205928321397
525049639016615937,1.8171205928321397
524959809402331137,3.697426096673093
524980744658382848,2.154434690031884
524924619812511746,3.5097924382760604
524993533212897281,1.7436390342696233
524970851675176960,1.8171205928321397
524935485370929152,1.395592724222081
524926472432410625,1.3195079107728942
524964948683005952,3.199987398644279
524937542131793920,2.6457513110645907
524922729485848576,6.082762530298219
525056576038518785,1.5551585367634633
524925215235911680,1.16430556688337
524990163446140928,3.34370152488211
525019752507658240,23.456899653731
524962142563610625,1.8171205928321397
524991576163250176,5.179474679231212
525068915068923904,1.3195079107728942
529540733020405760,1.4348687191977363
529739968470867968,10.0
529687410611728384,1.8171205928321397
529695367680761856,2.2795070569547775
529654186791944192,2.053136413658844
529713467184676864,1.8171205928321397
529720273285566464,3.4512302213634367
529689679411810304,1.8171205928321397
529660296080916480,1.3076604860118306
529653029747064832,1.7436390342696233
529695483661664257,1.2753731068584542
529716453792956416,2.080083823051904
576319832800555008,1.969346601914032
576513463738109954,8.0
576829262927413248,3.9999999999999996
576323086888361984,2.930156051583521
576755174531862529,2.930156051583521
576276947648405505,2.0
577258317942149120,1.2917083420907467
576796432730071040,2.4101422641752297
576812998418939904,1.3160740129524924
544319832486064128,6.122450645952687
544306402731507712,1.3195079107728942
544517264054423552,1.1923631226024587
544292129972170752,11.102338194775792
544309275141885952,2.455975716820821
544271362022338560,2.6207413942088964
544374511194632192,2.4380273084089508
544329935943237632,2.9758343927313224
544293753130082305,2.053136413658844
544399927045283840,1.8463523699000188
544268732046913536,1.2753731068584542
544333764814323713,1.313442654901697
544380742076088320,1.1533305853893392
544271284796784640,1.2457309396155174
544282227035869184,2.5413841086003703
544289311504355328,1.3160740129524924
544290258951892992,1.2211885503119937
544510450101415936,1.5464793474773049
544512108885725184,2.2081790273476245
544328894812549121,7.554278043612358
544289409294553088,4.475797488182033
544491151118860289,1.6294982222188463
544515538383564801,1.6654004488504004
544283772569788416,1.3492828476735634
544358533819420672,2.5096346404867393
544520273718812672,1.6335243030704945
544272537341812736,9.434099085037193
544297696308518912,1.7821633101508634
544306719686656000,2.7507178351831296
544367462012432384,3.9769042672103674
544324444773433348,2.6207413942088964
544511199702822913,2.6457513110645907
544305745416581120,1.3195079107728942
544269749405097984,1.4579162495762834
544512664769396736,1.9036539387158786
544305540286148609,1.184419922158807
544291965513134080,2.131187813944583
544282005941530624,1.184419922158807
544274934835707905,2.614610255934548
544352727971954690,3.5097924382760604
544277860555710464,2.4101422641752297
544391176137089024,1.3244587155363412
544504183341064192,1.2328467394420661
544476808566276097,1.6058503149129728
544358564484378624,2.080083823051904
544278335455776769,4.475797488182033
544382892378714113,1.6294982222188463
544289941996326912,3.34370152488211
544301453717041152,1.16430556688337
544512910538838016,2.300775444104867
544277117039837184,1.6058503149129728
544518335019229184,1.8988289221159418
544462330105712640,1.5539422134578937
544350712365207552,2.0
544319274072817664,4.871658325766914
544513524438155264,1.3160740129524924
544271069146656768,5.528774813678871
544514570367168512,1.7411011265922482
544520042810200064,1.3160740129524924
544291804057960448,1.5464793474773049
544292670336925696,1.7436390342696233
544512676643500033,1.3195079107728942
544288681021145090,1.7010190319096536
544350567183556608,2.080083823051904
544314234541469696,1.89828736370047
544514564407427072,1.3076604860118306
544381485591982083,1.483801823119965
544278985249550337,1.6335243030704945
544391533240516608,1.3076604860118306
544287209730236416,1.5848931924611136
544310853613281281,4.047131644703234
