id,neg_ratio,tentativity,maturity,insight,controversiality,role,influence,credibility,engagement,misinformation
544319832486064128,0.3684210526315789,0,0.24436121514773199,0.125,6.122450645952687,604.8159575914095,0.19584634865917752,1,891397.6,0
544306402731507712,0.0,0.5,0.25168101276912636,0.05263157894736842,1.3195079107728942,1524.1136363636363,0.017709763331970364,1,80526.0,1
544517264054423552,0.0,0.5,0.18418643362463588,0.0,1.1923631226024587,15.973844282238442,0.00115585336450116,1,6976.25,0
544292129972170752,0.4666666666666667,0.5,0.21850891513812862,0.0,11.102338194775792,329.71753246753246,0.004469760356619562,0,33953.666666666664,1
544309275141885952,0.1875,0.5,0.2541926758218893,0.0,2.455975716820821,1792.9717391304348,0.03630134845891353,1,165045.4,1
544271362022338560,0.2222222222222222,0,0.2535414065751144,0.0,2.6207413942088964,0.9862542955326461,5.0528146774583286e-05,1,578.0,0
544374511194632192,0.25,0.5,0.2549926626804214,0.0,2.4380273084089508,4390.391860465116,0.16618553424932472,1,755319.4,0
544329935943237632,0.18446601941747573,0,0.2597066167290886,0.0,2.9758343927313224,7.482962962962963,0.00022231504299513951,1,2863.0,0
544293753130082305,0.18181818181818182,0,0.2342392522167803,0.0,2.053136413658844,1792.4021739130435,0.03628981677384825,1,164993.0,1
544399927045283840,0.12903225806451613,0,0.2596754057428215,0.0,1.8463523699000188,4174706.6666666665,0.5512374334342283,1,1789160.4285714286,0
544268732046913536,0.0,0,0.23263902577917955,0.0,1.2753731068584542,1.7622398842244085,0.006645859750942011,1,39446.166666666664,0
544333764814323713,0.043478260869565216,0,0.23046192259675405,0.0,1.313442654901697,1.5911949685534592,1.1135558479067572e-05,0,206.0,0
544380742076088320,0.0,0.5,0.2536192504467455,0.0,1.1533305853893392,7.482549317147193,0.000217033355178981,0,1118.0,0
544271284796784640,0.0,0,0.25222638368705785,0.0,1.2457309396155174,36967.0,0.004881203837498311,0,36968.0,0
544282227035869184,0.23076923076923078,0,0.23544927814590738,0.0,2.5413841086003703,57.068361581920904,0.008891809466633158,0,68520.66666666667,0
544289311504355328,0.0,0,0.21447433132826393,0.0,1.3160740129524924,28.374079528718703,0.0008479749788842522,1,3989.0,0
544290258951892992,0.0,0,0.20875420875420878,0.0,1.2211885503119937,5626.5495867768595,0.23972260575589535,1,778209.7142857143,0
544510450101415936,0.09090909090909091,0.5,0.21381606325426547,0.07142857142857142,1.5464793474773049,4174597.6666666665,0.5512230408349292,1,1789113.7142857143,0
544512108885725184,0.1875,0,0.20761868177598514,0.0,2.2081790273476245,15.902676399026763,0.0011507037188804054,1,6947.0,0
544328894812549121,0.35135135135135137,0,0.2643778610070745,0.0,7.554278043612358,1793.104347826087,0.036304033316886745,1,165057.6,0
544289409294553088,0.36363636363636365,1,0.21407407407407408,0.0,4.475797488182033,30.84245246410555,0.0034982819109674688,1,16411.6,0
544491151118860289,0.1111111111111111,0,0.2559300873907616,0.0,1.6294982222188463,56.914124293785314,0.008867777787069635,0,68338.66666666667,0
544515538383564801,0.1111111111111111,0,0.26100707449022054,0.07142857142857142,1.6654004488504004,8.325510204081633,0.0003591107574336455,0,1827.8,0
544283772569788416,0.05,0,0.1799417394923013,0.0,1.3492828476735634,101896.94117647059,0.07624327630137487,1,247466.42857142858,0
544358533819420672,0.21052631578947367,0,0.2462167388803212,0.0,2.5096346404867393,7601.851948051948,0.12881653661243986,1,418156.85714285716,0
544520273718812672,0.10526315789473684,0,0.24927694548481066,0.0,1.6335243030704945,144.79614767255217,0.003970420787666907,1,18166.2,0
544272537341812736,0.46153846153846156,0,0.23066999583853515,0.0,9.434099085037193,15.551470588235293,9.308974775979412e-05,1,2251.0,1
544297696308518912,0.125,0,0.2539325842696629,0.0,1.7821633101508634,12137.70942408377,0.2040758344736644,1,662426.7142857143,1
544306719686656000,0.23529411764705882,0,0.2566874739908448,0.0,2.7507178351831296,139.976,0.001540228195322097,1,5874.0,0
544367462012432384,0.3333333333333333,0,0.2340407823553891,0.07142857142857142,3.9769042672103674,12138.913612565446,0.20409608094362636,1,662492.4285714285,0
544324444773433348,0.2222222222222222,0,0.2634207240948814,0.09523809523809523,2.6207413942088964,1733.1997840172787,0.21192019721822306,1,688229.5714285715,0
544511199702822913,0.2857142857142857,0,0.1937578027465668,0.0,2.6457513110645907,106.31989924433249,0.0018577896752686289,1,10651.5,0
544305745416581120,0.0,0,0.24868913857677902,0.0,1.3195079107728942,580.6296296296297,0.012420152984087595,1,94224.0,1
544269749405097984,0.07142857142857142,0,0.2475495374371779,0.0,1.4579162495762834,40.819683908045974,0.007502769585048598,1,29106.5,0
544512664769396736,0.2,0,0.24553474823137744,0.0,1.9036539387158786,1792.682608695652,0.03629549458825062,1,165018.8,0
544305540286148609,0.0,0.5,0.241590169151306,0.0,1.184419922158807,15.080882352941176,9.027284759117623e-05,1,2187.0,0
544291965513134080,0.16666666666666666,0.5,0.18730374910150194,0.0,2.131187813944583,6.509933774834437,0.0004759240863010184,1,2494.8,0
544282005941530624,0.0,0,0.19016381038852948,0.0,1.184419922158807,16.990053965104178,0.03090139484973818,1,123900.5,0
544274934835707905,0.19047619047619047,0,0.2551144402829796,0.0,2.614610255934548,134024.7213114754,0.3598373416208884,1,1167938.4285714286,0
544352727971954690,0.3333333333333333,0,0.24606741573033708,0.0,3.5097924382760604,14109.049504950495,0.3136032950689722,1,1017939.2857142857,0
544277860555710464,0.21428571428571427,0,0.2533368377247739,0.0,2.4101422641752297,319.17690875232773,0.0075439227359495,0,85967.5,1
544391176137089024,0.045454545454545456,0,0.24606741573033708,0.0,1.3244587155363412,7603.95064935065,0.12885209997706867,1,418272.28571428574,0
544504183341064192,0.0,0,0.24633951150805083,0.0,1.2328467394420661,5466.2962962962965,0.01948810761967094,0,88570.2,0
544476808566276097,0.0967741935483871,0,0.2561589679567208,0.0,1.6058503149129728,101802.76470588235,0.07617280978309429,1,247237.7142857143,0
544358564484378624,0.3333333333333333,0,0.2471420528261242,0.058823529411764705,2.080083823051904,4390.2046511627905,0.16617844798483802,1,755287.2,0
544278335455776769,0.36363636363636365,0,0.17474823137744486,0.0,4.475797488182033,580.9053497942386,0.012426050868815638,1,94268.66666666667,0
544382892378714113,0.1111111111111111,0,0.23907935593328852,0.0,1.6294982222188463,39.68228836816551,0.008273543893686666,1,96356.0,0
544289941996326912,0.4,1,0.2445049748420535,0.0,3.34370152488211,583.9569620253164,0.010152416306154795,1,33008.28571428572,0
544301453717041152,0.0,0.5,0.2443196004993758,0.1111111111111111,1.16430556688337,57.06299435028249,0.008890973199395599,0,68514.33333333333,0
544512910538838016,0.2,0,0.23485642946317106,0.0,2.300775444104867,12137.58115183246,0.2040736777844728,1,662419.7142857143,0
544277117039837184,0.0967741935483871,0.5,0.2797144594897404,0.0,1.6058503149129728,1.7622515551509634,0.006645903765007146,1,39446.333333333336,0
544518335019229184,0.15384615384615385,0,0.22771045996426037,0.0,1.8988289221159418,2.4818234275822273,0.0001893044941441487,0,3017.0,0
544462330105712640,0.08823529411764706,0,0.2474406991260924,0.06666666666666667,1.5539422134578937,173.56366723259762,0.013498541593951764,1,51409.0,1
544350712365207552,0.25,0,0.21997503121098627,0.0,2.0,8.32407193912843,0.003177947544917454,1,11553.857142857143,0
544319274072817664,0.35714285714285715,0,0.2623283395755306,0.08333333333333333,4.871658325766914,38.70437017994858,0.0006626757646673572,1,3089.0,0
544513524438155264,0.0,0,0.25432792342904703,0.0,1.3160740129524924,1154.4829416224413,0.06702298986664178,1,217726.0,0
544271069146656768,0.6153846153846154,0,0.27138743237619645,0.0,5.528774813678871,2.2872777017783856,7.35915169051422e-05,1,801.0,1
544514570367168512,0.125,0,0.21364960466084063,0.0,1.7411011265922482,12137.379581151832,0.20407028870145744,1,662408.7142857143,0
544520042810200064,0.0,0,0.22351227632126508,0.0,1.3160740129524924,190.31876606683804,0.003258537298179006,0,24807.666666666668,0
544291804057960448,0.09090909090909091,0.5,0.2117353308364544,0.0,1.5464793474773049,329.7077922077922,0.0044696283144241575,0,33952.666666666664,0
544292670336925696,0.14285714285714285,0,0.2533368377247739,0.0,1.7436390342696233,329.70454545454544,0.004469584300359023,0,33952.333333333336,1
544512676643500033,0.0,0,0.25546987833835155,0.0,1.3195079107728942,1.7733669942312456,0.006616326313236658,1,39181.666666666664,0
544288681021145090,0.11764705882352941,0,0.21210986267166043,0.0,1.7010190319096536,531.1183465458664,0.0412832124633748,1,156620.16666666666,1
544350567183556608,0.3333333333333333,0.5,0.24244694132334582,0.0,2.080083823051904,11.142658315935977,0.0007047532109360868,1,3489.8,0
544314234541469696,0.14285714285714285,0.5,0.234394506866417,0.0,1.89828736370047,1733.1943844492441,0.21191953700724603,1,688227.4285714285,0
544514564407427072,0.0,0.5,0.23452975447357466,0.0,1.3076604860118306,14.419117647058824,8.631158172905733e-05,1,2097.0,0
544381485591982083,0.07692307692307693,1,0.269538077403246,0.0,1.483801823119965,6.209223847019123,0.00024295763954329245,1,3204.5,0
544278985249550337,0.10526315789473684,0,0.23171036204744072,0.0,1.6335243030704945,33.55807814149947,0.002797489965893501,1,13090.6,0
544391533240516608,0.0,0,0.24436121514773199,0.0,1.3076604860118306,16038.963503649635,0.0967137778548513,1,313925.0,0
544287209730236416,0.1,0,0.2573752506336776,0.0,1.5848931924611136,20.44621513944223,0.0006776405468131397,1,16149.0,0
544310853613281281,0.3,0.5,0.24009987515605494,0.0,4.047131644703234,106.64735516372797,0.001863511503736134,1,10684.0,1
580348081100734464,0.09090909090909091,0,0.2527548897211819,0.0,1.5551585367634633,4712390.666666667,0.6222344092278128,1,1767146.875,0
580325090367315968,0.13953488372093023,0.5,0.2559009571369122,0.0,1.9994110313999802,580.3468834688347,0.009425524020455977,1,42903.4,0
580333763512705025,0.0,0,0.25664848763606896,0.0,1.1317927911527867,4710764.0,0.6220196205899557,1,1766536.875,1
580332109782466561,0.1,0,0.2815647107781939,0.0,1.5848931924611136,0.9637549010668369,0.00093041332288146,0,14357.666666666666,0
581473088249958400,0.14285714285714285,0,0.2582458201757607,0.0,1.7436390342696233,1.88735210492525,0.00452856314763946,0,31480.8,1
580331561398108160,0.23076923076923078,0,0.2634207240948814,0.09523809523809523,2.5413841086003703,20.282420749279538,0.0003097709904176979,0,923.125,1
580333909008871424,0.0,0,0.2539325842696629,0.0,1.3195079107728942,1.846060606060606,6.70334212000787e-05,1,469.6,0
580321156508577792,0.0,0,0.2464627548897212,0.0,1.2599210498948732,10.852005532503458,0.00034533435504649864,1,1428.1666666666667,1
580371845997682688,0.3333333333333333,0.5,0.21388264669163543,0.13333333333333333,2.080083823051904,20.296829971181555,0.00030999106074337113,0,923.75,0
581063377226637312,0.3333333333333333,0,0.21191739492301293,0.0,2.080083823051904,21.25787965616046,0.0003265403492340012,0,971.0,0
581047170637381632,0.5,0.5,0.23995006242197253,0.0,4.0,8.570082449941108,0.0016012316895987282,0,5803.571428571428,0
581293286268129280,0.25,1,0.2303370786516854,0.0,3.0752912203613754,0.9958885989060098,0.0012260557983909339,0,13956.75,1
580319184652890113,0.2,0,0.24868913857677902,0.0,2.154434690031884,16753.266666666666,0.02212138110854705,1,83771.33333333333,1
580882341880446977,0.0,1,0.24391945964979675,0.0,1.2917083420907467,55.107727845443094,0.011550303014831419,1,89061.66666666667,0
580319078155468800,0.030303030303030304,0,0.19991677070328756,0.0,1.2360360795449206,4711430.0,0.6221075606920947,1,1766786.625,0
580320684305416192,0.0,0,0.251310861423221,0.0,1.3195079107728942,19.937639198218264,0.0019700695554271323,0,7834.166666666667,0
581386094337474560,0.18181818181818182,0,0.26767582188930505,0.0,2.053136413658844,1924.16125,0.06775212686966246,1,220018.42857142858,0
580360165540642816,0.6666666666666666,0,0.25168101276912636,0.0,2.080083823051904,0.837431693989071,2.6980621927543166e-05,0,336.25,1
580339547269144576,0.5,0.5,0.25826050769870995,0.0,14.0,1828.9136022848982,0.22547468068896095,1,640698.5,1
580340476949086208,0.21052631578947367,0,0.20474406991260924,0.0,2.5096346404867393,225.1968800430339,0.018426092242036864,1,60071.42857142857,1
580326222107951104,0.09090909090909091,0,0.2604244694132335,0.0,1.5464793474773049,1.6964873318372615,0.006421784145341485,0,38651.0,1
580324027715063808,0.0,0,0.21493965875988347,0.0,1.3195079107728942,2195.6241610738257,0.014399113380671928,1,54549.5,0
580323060533764097,0.0,0,0.20690803162713278,0.0,1.2599210498948732,337.0813567653926,0.12072314228734934,1,343871.0,0
580322453928431617,0.0,0.5,0.25250892524695007,0.0,1.3160740129524924,2095.775623268698,0.033299941329251175,1,108133.71428571429,1
580339825649291264,0.0,0,0.2383270911360799,0.0,1.2328467394420661,752.8261020479,0.09546175375803091,1,310253.28571428574,1
500389488217309184,0.2702702702702703,0.5,0.2727641173171217,0.0,4.131228805234907,136.52542372881356,0.0014181331786385658,0,5409.333333333333,0
500332933098385408,0.4444444444444444,0.5,0.2748159004143372,0.043478260869565216,6.240251469155713,2.2448979591836733,9.683094329623975e-06,0,106.0,0
500298752469770240,0.20454545454545456,0,0.25043695380774034,0.0,2.8609787518082506,1.165558673421345,0.0027240304911837626,0,28747.25,0
500281094239817728,0.5,0,0.27305931687954155,0.0,6.0,6.890370370370371,0.0006141282508238333,0,3994.5,0
500363126294863876,0.25,0,0.25518102372034956,0.0,2.4380273084089508,10.922850844966936,0.0006543130922917728,0,5409.0,0
500279189405433858,0.06666666666666667,0,0.24544319600499379,0.047619047619047616,1.4348687191977363,13.957625089777352,0.0025660640114154878,0,15619.5,0
498430783699554305,0.0,0.5,0.23551290054099044,0.0,1.143842433075643,1051.6062992125985,0.005878254454993638,1,26736.2,0
500284699546517505,0.25,0,0.2089679567207657,0.0,2.90484571222865,14.758048780487805,0.0006658007632919175,0,5384.0,0
499530130487017472,0.04,0,0.2581772784019975,0.0,1.293704833333986,1067.224,0.005871608331158305,1,26705.6,0
500290456845299714,0.13513513513513514,0,0.26235009268717135,0.045454545454545456,1.9280912609228744,108.3731884057971,0.0013165047022426486,0,30187.0,0
500307001629745152,0.25287356321839083,0.5,0.2360382854764877,0.0,4.741252370889328,0.9295238095238095,2.147886378571136e-05,0,202.6,0
500381163866062848,0.25,0,0.24169787765293385,0.05555555555555555,2.4380273084089508,312.3685220729367,0.007163025016274201,1,27210.833333333332,0
499368931367608320,0.11428571428571428,0,0.24724927174365377,0.0,1.742852492787724,0.910303928836175,0.0004864434478682008,0,3865.5,0
500363740311982081,0.1,0.5,0.24019975031210988,0.0,1.604818007171339,3.7706369608683232,0.0017430890215277195,0,10021.2,0
500280838710247424,0.23076923076923078,0.5,0.22863577391006337,0.058823529411764705,3.2602180491907444,3.9156976744186047,0.00011857389147275903,0,676.4,0
500258409988763649,0.125,0.5,0.25826050769870995,0.2,1.681792830507429,1646.6212534059946,0.05319627940304604,1,201559.0,0
500327106824245249,0.0,0.5,0.2627006097450651,0.0,1.2599210498948732,16.05021971123666,0.0011253516173628446,0,5432.2,0
499456140044824576,0.18181818181818182,0.5,0.2815647107781939,0.0,2.053136413658844,3.869009584664537,0.00010660206575613304,1,508.0,0
500286058664579072,0.23728813559322035,0,0.25601971894106723,0.0,3.7796513698765724,1537.338505954529,0.18749837698134816,1,608962.2857142857,0
499366666300846081,0.2,0,0.2574282147315855,0.0,2.300775444104867,693.4,0.00885061230166712,0,50344.0,0
500413818368184321,0.1875,0.5,0.2443661109887151,0.058823529411764705,2.2081790273476245,1.1315097317201472,0.003597621655976384,0,38494.0,0
500377906305327104,0.125,0.5,0.27021223470661676,0.0,1.7411011265922482,24.735576923076923,0.00045290473023559407,0,2141.2,0
500280422295937024,0.15384615384615385,0.5,0.22421972534332085,0.0,1.8988289221159418,11.117954677513074,0.0008421651222864779,1,4171.0,0
500281131057811456,0.19047619047619047,0,0.2556803995006242,0.0,2.3296095470119482,520.5,0.0008247355524931547,0,938700.0,0
500270780832174080,0.0625,0,0.24991799466353334,0.0,1.4142135623730951,169.35443037974684,0.0023554567097461665,1,8972.0,0
498280126254428160,0.0,0,0.21388368705784436,0.0,1.3076604860118306,1051.6614173228347,0.00587856255344958,1,26737.6,0
500371149713178625,0.19047619047619047,0.5,0.20968789013732833,0.0,2.3296095470119482,16.024482109227872,0.0011235470406923236,0,5424.0,0
499612545909415938,0.2857142857142857,0,0.2596754057428215,0.0,4.1707156809759205,8.392427983539095,0.0022440130968252214,1,14264.75,0
500319801344929795,0.058823529411764705,0,0.23544927814590738,0.0,1.395592724222081,7.823717503128041,0.004953871059035626,1,25387.6,0
500378223977721856,0.35294117647058826,0.5,0.26822721598002497,0.125,5.221098310290024,171.83878787878788,0.012479483943889109,1,47530.666666666664,0
500354773133299713,0.0,0.5,0.21283395755305873,0.0,1.1317927911527867,11.32929238262752,0.018427544706186308,1,75938.16666666667,0
500308076004929537,0.3684210526315789,0.5,0.26092006204365753,0.0,6.122450645952687,108.44927536231884,0.0013174289976104765,0,30208.0,0
500319675797209088,0.18181818181818182,0.5,0.21845732050622998,0.058823529411764705,2.053136413658844,1.8803501945525292,8.507918790528701e-05,0,423.0,0
500288349924782080,0.14285714285714285,1,0.2640684651432087,0.043478260869565216,1.8386162118602258,518.3888888888889,0.000821390483542921,0,934900.0,0
500294803402137600,0.15789473684210525,0.5,0.24270943372066972,0.0,1.9993240962544647,586.5727618389216,0.07468988790057751,1,283308.0,0
500378522788315137,0.2857142857142857,0,0.2558205751582452,0.10526315789473684,3.7885318391223555,5343.147414741474,0.21377283724787094,1,693975.7142857143,0
500394061887709184,0.0,0.5,0.2772944076314863,0.0,1.1771466939089177,23.127144298688194,0.001008758358821145,0,3985.0,0
500278045597368320,0.15384615384615385,0,0.23741156887224305,0.0,1.8988289221159418,1748.5496368038741,0.03178480115105583,1,144512.8,0
500377145349521411,0.13333333333333333,0.5,0.25791311585156235,0.0,1.7865680190370434,1110.8763666947013,0.05813518567993588,1,220336.83333333334,0
500303431928922113,0.16666666666666666,0.5,0.2556803995006242,0.0,2.0597671439071177,459.2158273381295,0.002809461791610127,0,12794.0,0
500279160795721728,0.0851063829787234,1,0.2772944076314863,0.038461538461538464,1.5999878123875868,1.0980975029726516,0.0004877638698222404,0,4234.8,0
500391222075076610,0.22641509433962265,1,0.2523398781825748,0.045454545454545456,3.417467835968239,6.850806451612903,0.00014955979332755576,1,1298.0,0
500295393301647360,0.2857142857142857,0,0.2362380357885976,0.05,2.6457513110645907,2.2181638696939783,9.889960435756851e-05,0,1086.6666666666667,0
500327120770301952,0.10526315789473684,0,0.2221585762894421,0.0,1.6335243030704945,14.836257309941521,0.0006699820994797097,0,5416.0,0
500341884678836224,0.3,0.5,0.24754145038000744,0.05263157894736842,3.1622776601683795,1.1293553645934071,0.0035979297544323262,0,38531.75,0
500347114975944705,0.2,0,0.2537328339575531,0.06666666666666667,2.91136540572863,152.696875,0.004301318529349239,1,32788.666666666664,0
529540733020405760,0.06666666666666667,0.5,0.25826050769870995,0.05,1.4348687191977363,7.729957805907173,0.00016126753465337383,0,2069.0,1
529739968470867968,0.5,0,0.22980441115272576,0.2,10.0,336.4428715874621,0.02929065612207037,1,95351.71428571429,1
529687410611728384,0.16666666666666666,1,0.20761868177598514,0.0,1.8171205928321397,108.46116504854369,0.0019668125146071677,1,9019.6,1
529695367680761856,0.2222222222222222,0.5,0.1778942987931752,0.0,2.2795070569547775,149.08837209302325,0.0014108268438262131,1,32269.0,1
529654186791944192,0.18181818181818182,0.5,0.22784019975031217,0.0,2.053136413658844,525.0264705882353,0.007856906753122027,1,44712.25,1
529713467184676864,0.16666666666666666,0,0.19493341656263005,0.0,1.8171205928321397,569.5635862068965,0.09087443183343669,1,295470.4285714286,1
529720273285566464,0.2777777777777778,0,0.21584997919267584,0.0,3.4512302213634367,4.00125284738041,0.0015462581222455449,1,8782.2,1
529689679411810304,0.16666666666666666,0,0.23326570952975448,0.0,1.8171205928321397,1.12012987012987,1.5184852471455778e-05,0,653.0,1
529660296080916480,0.0,0,0.26133275434692144,0.0,1.3076604860118306,14.733082706766917,0.0013799289701016857,0,8370.0,1
529653029747064832,0.14285714285714285,0.5,0.24257178526841447,0.0,1.7436390342696233,18.654275092936803,0.00022086257884569593,0,2643.5,1
529695483661664257,0.0,0.5,0.22505201831044527,0.0,1.2753731068584542,0.1497005988023952,1.1003516283663608e-06,0,960.0,1
529716453792956416,0.3333333333333333,1,0.21018423939772254,0.0,2.080083823051904,266.0580357142857,0.00262310623983,0,11964.2,1
576319832800555008,0.16666666666666666,0.5,0.25320952975447353,0.0,1.969346601914032,350.97680412371136,0.005993791375972106,0,34141.75,0
576513463738109954,0.5,0,0.23354660840615898,0.0,8.0,398.73670778392176,0.0412601050791791,1,134254.42857142858,0
576829262927413248,0.375,0.5,0.2539325842696629,0.0,3.9999999999999996,1.0695230808467229,0.0009228869177434341,0,6762.166666666667,0
576323086888361984,0.3333333333333333,0,0.2209289669963827,0.0,2.930156051583521,17.12846068660022,0.0020422966363131,1,12277.5,0
576755174531862529,0.3333333333333333,0.5,0.25613081687106803,0.0,2.930156051583521,1.2949440715883669,0.0006369275365635843,0,3663.714285714286,0
576276947648405505,0.25,0.5,0.24619225967540573,0.0,2.0,1.5277777777777777,6.536088672496183e-05,0,1228.5,0
577258317942149120,0.0,0.5,0.2536192504467455,0.058823529411764705,1.2917083420907467,4.4581395348837205,0.0005062497771787952,0,7041.0,0
576796432730071040,0.21428571428571427,0.5,0.25305867665418225,0.0,2.4101422641752297,0.9819713893787968,0.00022055448038975334,0,5057.0,1
576812998418939904,0.0,0,0.2561589679567208,0.0,1.3160740129524924,1.2506836827711942,6.038729736474588e-05,0,823.0,0
521360486387175424,0.3333333333333333,0,0.241590169151306,0.0,3.5097924382760604,757.3071895424837,0.00509982169902214,0,116021.0,1
521346721226711040,0.16,1,0.21564710778193924,0.1,2.0783258451246165,494.4,0.0003264083070385973,0,3715.5,1
553476490315431937,0.0,0,0.2541926758218893,0.125,1.3076604860118306,348.3452229299363,0.03610707037540917,1,117529.71428571429,0
552802654641225728,0.125,0,0.22939914850027213,0.0,1.681792830507429,989.7962962962963,0.0023525077673821446,0,53503.0,0
553164985460068352,0.07142857142857142,0.5,0.2558302122347066,0.13333333333333333,1.4579162495762834,105115.76470588235,0.07865172594554316,1,223373.125,0
553587672137334785,0.043478260869565216,0.5,0.16870578443612155,0.14285714285714285,1.313442654901697,230064.66666666666,0.06075648734309536,1,230065.66666666666,0
553587303172833280,0.09523809523809523,0,0.2136688114216204,0.0,1.5788209995247275,201062.0353982301,1.0,1,2840015.375,0
553586860334010368,0.15,0,0.1519350811485643,0.0,1.9458877175763887,193.25409836065575,0.0031131588410392426,1,35548.5,0
552811386259386370,0.1111111111111111,0.5,0.2502600915522264,0.0,1.6654004488504004,5719.987679671458,0.2452141526346159,1,696530.25,0
553160652567498752,0.08333333333333333,0,0.24190595089471495,0.0,1.5130857494229015,4474.075581395349,0.16935313848893552,1,641427.5,0
553197863971610624,0.041666666666666664,0,0.23741156887224305,0.0,1.303219601435212,551.8684061259218,0.04282322058837122,1,139243.85714285713,1
553544252563935234,0.06666666666666667,0,0.2029338327091136,0.0,1.4348687191977363,12426.55905511811,0.20838542764725895,1,591862.5,0
552821069036670976,0.0,0,0.23590511860174784,0.0,1.170464573466342,76.83978638184246,0.005066282981389533,1,29151.0,0
552832817089236992,0.0,0,0.251310861423221,0.0,1.2328467394420661,131.97029702970298,0.0005866634741798089,1,3357.5,0
553534838880608256,0.16666666666666666,0,0.20303408618015362,0.09090909090909091,1.8171205928321397,635.6078838174274,0.013484281036848135,1,76711.25,0
552783667052167168,0.3333333333333333,0,0.24991799466353334,0.0,2.930156051583521,384.48961424332344,0.005703034461692578,1,21651.666666666668,0
553588178687655936,0.09090909090909091,0,0.25867665418227215,0.3333333333333333,1.5464793474773049,912.4168765743073,0.2232046992937063,1,725253.0,0
552814494381256704,0.09090909090909091,0,0.22877463776340182,0.0,1.5464793474773049,841.2328767123288,0.0027029037399191286,1,10247.166666666666,1
553470492565602305,0.3333333333333333,1,0.2539325842696629,0.0,2.930156051583521,980.652977412731,0.021020149198877992,1,68295.0,0
553505242554175489,0.06666666666666667,0,0.2574282147315855,0.14285714285714285,1.4348687191977363,7801.997429305912,0.1335816753601781,1,379420.75,0
553531413459660800,0.23076923076923078,0.5,0.2732750728256346,0.12,2.5413841086003703,229858.83333333334,0.06070212997265406,1,229859.83333333334,0
552785375161499649,0.0,0,0.21493965875988347,0.0,1.3195079107728942,551.4276800907544,0.042789021659761596,1,139132.85714285713,0
552834961762709505,0.0,0,0.2502600915522264,0.0,1.170464573466342,1824.4273318872017,0.03701851363621759,1,140253.66666666666,0
552791578893619200,0.047619047619047616,0,0.4325634623387432,0.0,1.3363667058502422,2854.5253924284393,0.13606732567459257,1,515422.3333333333,0
553486439129038848,0.1111111111111111,0,0.2217488555971702,0.125,1.6294982222188463,12424.976377952757,0.20835888716598275,1,591787.125,1
553152395371630592,0.1,0,0.24141177694548482,0.0,1.604818007171339,80.50273224043715,0.0025936608302549163,1,29830.0,1
553508098825261056,0.05263157894736842,0,0.2598834789846026,0.07142857142857142,1.3633445996786344,693.5269709543569,0.0882781301592737,1,286938.85714285716,0
552833028201144320,0.0,0,0.25517582188930504,0.0,1.170464573466342,1824.0151843817787,0.037010150963842005,1,140222.0,1
553506608203169792,0.08695652173913043,0,0.25517582188930504,0.125,1.5335225249941007,4310112.0,0.5691166509169671,1,1616292.375,0
553489393202499584,0.0,0,0.2001664585934249,0.0,1.2457309396155174,8655.225515463917,0.29561848784397543,1,959604.4285714285,1
553549686129561600,0.0,0,0.2549926626804214,0.10526315789473684,1.143842433075643,1833.9152173913044,0.03713030936165961,1,140676.83333333334,0
553543369604210689,0.2222222222222222,0.5,0.23418765758488166,0.0,2.6207413942088964,11.443449048152296,0.0004497797316110336,0,3704.0,0
553579224402235393,0.08,0,0.26100707449022054,0.14285714285714285,1.4953487812212205,7788.6,0.1336950996060301,1,379743.0,0
553566026030272512,0.08333333333333333,0,0.19016381038852948,0.18181818181818182,1.5130857494229015,4468.227378190255,0.1695251014414166,1,642079.0,0
552978184413921281,0.0,0.5,0.2518518518518519,0.0,1.3160740129524924,12.40599455040872,0.0008015841542323265,1,3280.0,1
553535829017370625,0.0,0,0.24640033291718683,0.0,1.3076604860118306,3312.4131578947367,0.05540125202409682,1,157387.125,0
553461741917863936,0.25,0,0.25222638368705785,0.0,2.90484571222865,138306.04918032786,0.3713320988855199,1,1054591.25,0
553590459688570880,0.05263157894736842,0,0.21971894106725567,0.0,1.3633445996786344,154.39256198347107,0.0016444975156260934,0,12535.0,0
552792913910833152,0.0,0,0.21702871410736577,0.0,1.2917083420907467,3315.5793650793653,0.055162343678545916,1,156708.375,0
553576010898497536,0.15384615384615385,0.5,0.23590511860174784,0.13333333333333333,1.8988289221159418,5724.691598360656,0.24591974211278955,1,698534.375,0
553221600955621376,0.0,0,0.2558205751582452,0.0,1.3160740129524924,9.15621156211562,0.00032764070086236757,0,8257.0,0
553589051044151296,0.0,0,0.21971894106725567,0.0,1.2599210498948732,154.52892561983472,0.001645949979775537,0,12546.0,0
552810448324943872,0.10526315789473684,0,0.2558302122347066,0.06666666666666667,1.6335243030704945,1831.3391304347826,0.03707815269447504,1,140479.33333333334,0
553501357156876290,0.09523809523809523,0,0.2443661109887151,0.11764705882352941,1.5788209995247275,4309931.333333333,0.5690927952936641,1,1616224.625,0
552792544132997121,0.1111111111111111,0.5,0.2541926758218893,0.0,1.6654004488504004,552.0204197390811,0.042835016357827306,1,139282.14285714287,0
552806757672964097,0.38461538461538464,0,0.2545445643925485,0.0,5.528774813678871,1803.055057618438,0.06197999032570849,1,201281.0,0
552982613288157184,0.0,0,0.2030628381190179,0.2,1.3076604860118306,3.553299492385787,0.00015404922797129051,0,1121.25,1
553184482241814530,0.10344827586206896,0.5,0.23346693825700332,0.05263157894736842,1.6468405621153983,12.497617426820966,0.0008080542218071206,1,3304.6666666666665,0
553575232867672064,0.2222222222222222,0,0.25826050769870995,0.0,2.2795070569547775,619.4528019586508,0.2004496036753505,1,760261.5,0
553107921081749504,0.16666666666666666,0,0.2526841448189763,0.13333333333333333,1.8171205928321397,692.4972337482711,0.0881470562733027,1,286513.4285714286,0
553538058440941568,0.0,0.5,0.2342392522167803,0.0,1.1533305853893392,619.15478781284,0.20035316885864046,1,759896.3333333334,0
553503184174710784,0.058823529411764705,0,0.2541926758218893,0.125,1.395592724222081,1833.2891304347827,0.03711763331090083,1,140628.83333333334,0
553467311261503488,0.0,0.5,0.24447470964324897,0.09090909090909091,1.3160740129524924,10.575121163166397,0.0002881160703714479,0,1194.1666666666667,0
552805488631758849,0.10752688172043011,0,0.23649604660840615,0.125,1.8104124559474857,200600.90265486727,0.9977065150939635,1,2833501.875,0
552984502063337472,0.3333333333333333,0,0.2558302122347066,0.0,2.080083823051904,616.649377593361,0.013082080509647664,1,74426.75,0
553548567420628992,0.36363636363636365,0.5,0.26822721598002497,0.0,6.389304828983968,6.112828438948996,0.00034815125521511656,0,3068.0,0
552816020403269632,0.2,0,0.259280971249706,0.0,1.9036539387158786,2.1767241379310347,0.00013336261735800292,0,884.4,0
553544694765215745,0.0,0,0.2548064918851436,0.1111111111111111,1.3195079107728942,12.870333988212181,0.00028833614069712115,1,882.5,0
553590835850514433,0.19047619047619047,0.5,0.25497295047856844,0.1,2.3296095470119482,105770.23529411765,0.07914142643423132,1,224763.875,0
553550301886955520,0.18181818181818182,0,0.23233702969327555,0.0,2.053136413658844,5573.537284894837,0.25659847860982454,1,728870.75,0
553587013409325058,0.17647058823529413,0,0.19016381038852948,0.0,2.1287257439265086,646.9171842650104,0.013752678806039259,1,78236.0,0
553586897168392192,0.0,0,0.2516354556803995,0.13333333333333333,1.2106369975822304,71.27179487179487,0.0036702448634485635,1,14093.0,0
553478289474740224,0.0,1,0.2471420528261242,0.0,1.2753731068584542,3316.3271767810024,0.055320750298965535,1,157158.375,1
553476880339599360,0.5,0.5,0.2656999263740837,0.15384615384615385,2.0,1834.2782608695652,0.0371376597105371,1,140704.66666666666,0
552996335319007233,0.0625,0,0.2534332084893883,0.0,1.4142135623730951,9.111545988258317,0.00020492948726695103,0,861.1666666666666,1
552848620375261184,0.2,0.5,0.2497711194340408,0.07142857142857142,2.300775444104867,2398.7495219885277,0.05521766935842018,1,179295.57142857142,0
552791196247269378,0.17391304347826086,0,0.2556803995006242,0.1111111111111111,2.189938703094842,7788.976863753213,0.13335874412027107,1,378787.625,0
552978099357237248,0.0,0,0.24868913857677902,0.0,1.3195079107728942,0.7782305005820722,5.8846805085032974e-05,0,611.0,1
553512735192141826,0.3333333333333333,0,0.2620166820459932,0.08695652173913043,2.930156051583521,229826.83333333334,0.06069367927214821,1,229827.83333333334,0
552792802309181440,0.125,0,0.22842280482729924,0.0,1.681792830507429,149.5311203319502,0.0015861348652575417,0,12092.666666666666,0
553212962044149761,0.125,0,0.24899268071773029,0.23529411764705882,1.681792830507429,14162.891732283464,0.31667015111348984,1,899407.125,0
553518472798683136,0.0,0,0.23995006242197253,0.1111111111111111,1.148420343245681,619.0633841131665,0.20032359140686998,1,759784.3333333334,0
553474188259102720,0.1111111111111111,0,0.25426550145651267,0.07142857142857142,1.6294982222188463,693.4038727524205,0.08826246115208576,1,286888.0,0
552793679082311680,0.0,0,0.24436121514773199,0.0,1.2106369975822304,2934.193181818182,0.03409448323306196,1,110698.71428571429,0
553558982476828674,0.21428571428571427,0,0.26822721598002497,0.0,2.4101422641752297,32.88766788766789,0.001185518844401917,1,6938.5,0
552806309540528128,0.05128205128205128,0,0.2488139825218477,0.0,1.335396899964112,23.622102009273572,0.002690755857941964,1,10620.333333333334,1
524942470472548352,0.0,0,0.20110278818143987,0.0,1.3195079107728942,1.9164444444444444,9.489432443031495e-05,0,656.2,0
525060425184858112,0.125,0,0.2566874739908448,0.0,1.7411011265922482,177331.66371681416,0.8819748758913398,1,2862655.8571428573,0
524931324763992064,0.3333333333333333,0,0.21283395755305873,0.0,2.930156051583521,6.653701380175659,0.00023340658740907244,1,1220.0,0
525023025792835585,0.0,0,0.2712609238451935,0.0,1.2211885503119937,1.0479044408373912,0.0011081861319603293,1,8200.833333333334,0
524926235030589440,0.14285714285714285,0,0.25218476903870163,0.0,1.7436390342696233,392.14257425742574,0.008716193346745886,0,66179.0,0
524981436252950528,0.125,0.5,0.25949003140014376,0.045454545454545456,1.681792830507429,2.038731596828992,0.0007923412005540491,1,4472.0,0
525032872647065600,0.3125,0,0.25517582188930504,0.0,4.0,20.23444976076555,0.0007445419258178144,0,8876.0,0
525058976376193024,0.2,0.5,0.26020504672190065,0.045454545454545456,1.9036539387158786,56.708333333333336,5.990314264826468e-05,0,6925.0,0
525028734991343617,0.16666666666666666,0,0.25826050769870995,0.0,1.8171205928321397,1744.1144414168937,0.028172962952040956,1,128091.4,0
524983581983375360,0.3076923076923077,0,0.2581772784019975,0.047619047619047616,3.605551275463989,177358.86725663717,0.8821101751275637,1,2863095.0,1
524941132237910016,0.0,0,0.2474406991260924,0.0,1.3160740129524924,0.7450693937180424,4.489434643734752e-05,1,477.8,0
524949443607412737,0.2,0.5,0.19188834469733346,0.0,1.9036539387158786,1.3971628449280995,0.0015822616275256922,0,12335.8,1
524923676484177920,0.4,0,0.2134207240948814,0.0,5.179474679231212,4.491622394769105,0.00048375858989498685,0,2687.6,0
524975705206304769,0.0,0,0.2355805243445693,0.0,1.148420343245681,1373.7186311787073,0.01590175356436903,1,72310.2,0
525025463648137216,0.0,0,0.269538077403246,0.0,1.2211885503119937,1738.7520435967303,0.028086343271855954,1,127697.8,0
524940659778920448,0.0,0,0.2474406991260924,0.0,1.2753731068584542,1307.9734939759037,0.023891230681676638,1,77603.42857142857,0
524947674164760577,0.47619047619047616,0,0.2581772784019975,0.0,16.294249181018245,1.9616623711340206,0.0002680016426049108,0,9193.0,0
524952883343925249,0.05,0,0.23878485226799834,0.0,1.3492828476735634,3939912.3333333335,0.5202346741924849,1,1688534.2857142857,0
524972443308683264,0.16666666666666666,0,0.21735330836454433,0.0,1.969346601914032,2.7006887914840325,0.00018983266292576457,1,1182.0,0
524929497205055488,0.23076923076923078,0,0.2558205751582452,0.05263157894736842,2.5413841086003703,13972.291417165668,0.3081036496022669,1,1000088.4285714285,0
524944399890124801,0.045454545454545456,0,0.26163507736541447,0.0,1.3244587155363412,1387.1780303030303,0.01611861086328747,1,73295.8,0
524925987239120897,0.0,0,0.20017402489312602,0.0,1.3076604860118306,296.35526315789474,0.0029739863670834653,1,13559.4,0
524947416869388288,0.0,0.5,0.18064918851435705,0.0,1.3195079107728942,1.38724594878172,0.001571214097176894,0,12286.2,1
524936872666353664,0.043478260869565216,0,0.19430839655558757,0.0,1.313442654901697,1386.3560606060605,0.01610905981115325,1,73252.4,0
524948866773184512,0.0,0,0.2589263420724095,0.0,1.3195079107728942,1.48868778280543,2.8961254858602615e-05,0,220.0,1
525003468659228672,0.23529411764705882,0,0.2517686225551394,0.058823529411764705,2.7507178351831296,0.5171790235081374,1.2588022628511167e-05,0,167.8,1
524925730053181440,0.05263157894736842,0,0.26306510800892824,0.0,1.3633445996786344,1386.0984848484848,0.016106066854724096,1,73238.8,0
524925050739490816,0.08333333333333333,0,0.20303408618015362,0.0,1.5130857494229015,329.7189272821042,0.028139292192212943,1,91609.14285714286,0
525025279803424768,0.0,0,0.2558205751582452,0.0,1.2457309396155174,2.665036674816626,0.00028785198598063995,1,1284.857142857143,0
524932935137628160,0.25,0,0.23495630461922595,0.0,3.5960218482705533,651.5192943770672,0.026009143481891074,1,118367.0,0
524947867975561216,0.16666666666666666,0.5,0.24868913857677902,0.0,2.0597671439071177,177353.5663716814,0.8820838107025482,1,2863009.4285714286,1
524965775036387329,0.0,0,0.2545445643925485,0.0,1.3076604860118306,4.834905660377358,9.022883352604158e-05,0,618.5,0
524995771587108864,0.14285714285714285,0,0.26235009268717135,0.0,1.7436390342696233,29.488151658767773,0.0005477110265356398,0,2573.2,0
524927281048080385,0.17073170731707318,0,0.24836936285783123,0.0,2.336879453247454,0.9979217180464149,0.0001268045216529394,0,1922.6666666666667,0
524966904885428226,0.14285714285714285,0,0.22784019975031217,0.0,1.7436390342696233,1806.4393592677345,0.03474531921420809,1,157970.2,0
524969201102901248,0.0,0.5,0.24488139825218475,0.0,1.16430556688337,1743.9700272479563,0.028170630206588818,1,128080.8,0
524923462398513152,0.07692307692307693,0,0.24518972496500585,0.0,1.483801823119965,2.673580786026201,0.0002155808910295374,1,2243.3333333333335,0
524932056560963584,0.3333333333333333,0.5,0.22308389023524516,0.0,2.080083823051904,2.5578099358496194,0.0007546211467336502,0,4769.6,0
524956129017995264,0.14705882352941177,0.5,0.2566874739908448,0.05,2.024397458499885,3944773.0,0.5208764872902785,1,1690617.4285714286,1
524943490887991296,0.16666666666666666,0,0.22247191011235956,0.05555555555555555,1.8171205928321397,225.4560810810811,0.0029372786367611635,0,13406.2,0
525049639016615937,0.16666666666666666,0,0.2589263420724095,0.0,1.8171205928321397,136.13235294117646,0.0008148764019029921,0,3730.0,0
524959809402331137,0.29411764705882354,0,0.24606741573033708,0.0,3.697426096673093,178628.45535714287,0.8805624205271037,1,2858071.285714286,0
524980744658382848,0.2,0,0.2401706200582605,0.0,2.154434690031884,1375.3954372623575,0.01592116376709341,1,72398.4,0
524924619812511746,0.3333333333333333,0,0.22332084893882648,0.06666666666666667,3.5097924382760604,1365.2395437262358,0.01580360219911875,1,71864.2,0
524993533212897281,0.14285714285714285,0,0.19920099875156055,0.0,1.7436390342696233,510.6106194690266,0.0076187026326132775,1,43359.0,0
524970851675176960,0.16666666666666666,0,0.25517582188930504,0.0,1.8171205928321397,86.03508771929825,0.0012950698525220719,1,5953.2,0
524935485370929152,0.058823529411764705,0,0.25826050769870995,0.0,1.395592724222081,6.765731614859742,0.0003927815172616561,1,2048.6,0
524926472432410625,0.0,0,0.241590169151306,0.0,1.3195079107728942,66.64385692068429,0.0018860907191502116,0,8699.0,0
524964948683005952,0.2222222222222222,0,0.26235009268717135,0.09090909090909091,3.199987398644279,1387.1931818181818,0.01611878691954801,1,73296.6,1
524937542131793920,0.2857142857142857,0,0.1740948813982522,0.0,2.6457513110645907,7.809782608695652,6.324821159849842e-05,0,1621.0,0
524922729485848576,0.32432432432432434,0,0.23383270911360796,0.0,6.082762530298219,1.0549738219895288,5.321300474779721e-05,0,471.0,0
525056576038518785,0.09090909090909091,0,0.2421972534332085,0.0,1.5551585367634633,2568.664122137405,0.029621025694971086,1,112208.66666666667,0
524925215235911680,0.0,0,0.24357053682896385,0.0,1.16430556688337,1308.4915662650603,0.023900693705680588,1,77634.14285714286,0
524990163446140928,0.6,0,0.24253017062005827,0.0,3.34370152488211,511.1120943952802,0.007626185023686169,1,43401.5,1
525019752507658240,0.47058823529411764,0,0.24848938826466913,0.06666666666666667,23.456899653731,6.553299492385787,0.00011364431617767773,0,14880.0,0
524962142563610625,0.16666666666666666,0,0.25143570536828963,0.0,1.8171205928321397,1.1899791231732777,2.5088017126753027e-05,0,524.5,0
524991576163250176,0.4,0.5,0.25826050769870995,0.0,5.179474679231212,8501.54797979798,0.14817832386517435,1,561168.1666666666,1
525068915068923904,0.0,0,0.2572297448701943,0.0,1.3195079107728942,3.0677146311970978,0.00022332736649323658,0,1121.3333333333333,0
